<?xml version="1.0" encoding="UTF-8"?>
<project-private xmlns="http://www.netbeans.org/ns/project-private/1">
    <editor-bookmarks xmlns="http://www.netbeans.org/ns/editor-bookmarks/2" lastBookmarkId="0"/>
    <open-files xmlns="http://www.netbeans.org/ns/projectui-open-files/2">
        <group>
            <file>file:/C:/Users/Alunos/Desktop/Tec%20Programação%202/TecnicasProgramacao2/ExercicioEstacionamento/ExercicioEstacionamento/ExercicioEstacionamento/src/Controller/Controlador.java</file>
            <file>file:/C:/Users/Alunos/Desktop/Tec%20Programação%202/TecnicasProgramacao2/ExercicioEstacionamento/ExercicioEstacionamento/ExercicioEstacionamento/src/Model/Estacionamento/Serializador.java</file>
            <file>file:/C:/Users/Alunos/Desktop/Tec%20Programação%202/TecnicasProgramacao2/ExercicioEstacionamento/ExercicioEstacionamento/ExercicioEstacionamento/src/Model/Estacionamento/CalculoDiaria.java</file>
            <file>file:/C:/Users/Alunos/Desktop/Tec%20Programação%202/TecnicasProgramacao2/ExercicioEstacionamento/ExercicioEstacionamento/ExercicioEstacionamento/src/Model/Estacionamento/ContaVeiculo.java</file>
            <file>file:/C:/Users/Alunos/Desktop/Tec%20Programação%202/TecnicasProgramacao2/ExercicioEstacionamento/ExercicioEstacionamento/ExercicioEstacionamento/src/View/TelaPrincipal.java</file>
        </group>
    </open-files>
</project-private>
